epoch,time,train/box_loss,train/cls_loss,train/dfl_loss,metrics/precision(B),metrics/recall(B),metrics/mAP50(B),metrics/mAP50-95(B),val/box_loss,val/cls_loss,val/dfl_loss,lr/pg0,lr/pg1,lr/pg2
1,965.717,1.55155,2.22839,1.62381,0.69798,0.66695,0.69623,0.42113,1.28184,1.02257,1.71439,0.00333212,0.00333212,0.00333212
2,1907.91,1.55005,1.60144,1.59647,0.71688,0.69831,0.71139,0.46461,1.14964,0.79111,1.58142,0.00659946,0.00659946,0.00659946
3,2827.37,1.61487,1.57074,1.65466,0.71532,0.6779,0.69764,0.43697,1.20505,0.86636,1.65484,0.00980081,0.00980081,0.00980081
4,3732.97,1.60126,1.53248,1.65387,0.71288,0.70345,0.71626,0.4878,1.08191,0.70709,1.54126,0.009703,0.009703,0.009703
